"Image ID";"Product ID";Position;Cover;Legend
121;1;1;1;"Ab Wheel Roller"
122;1;2;;"Ab Wheel Roller"
123;1;3;;"Ab Wheel Roller"
124;1;4;;"Ab Wheel Roller"
125;1;5;;"Ab Wheel Roller"
126;1;6;;"Ab Wheel Roller"
127;2;1;1;"Body Sport Fitness Ball"
128;2;2;;"Body Sport Fitness Ball"
129;2;3;;"Body Sport Fitness Ball"
130;2;4;;"Body Sport Fitness Ball"
131;2;5;;"Body Sport Fitness Ball"
132;2;6;;"Body Sport Fitness Ball"
133;3;1;1;"Solid Tools Padded Weighted Bar"
134;3;2;;"Solid Tools Padded Weighted Bar"
135;3;3;;"Solid Tools Padded Weighted Bar"
136;3;4;;"Solid Tools Padded Weighted Bar"
137;3;5;;"Solid Tools Padded Weighted Bar"
138;3;6;;"Solid Tools Padded Weighted Bar"
139;4;1;1;"Exercise Yoga Mat with Carry Strap"
140;4;2;;"Exercise Yoga Mat with Carry Strap"
141;4;3;;"Exercise Yoga Mat with Carry Strap"
142;4;4;;"Exercise Yoga Mat with Carry Strap"
143;4;5;;"Exercise Yoga Mat with Carry Strap"
144;4;6;;"Exercise Yoga Mat with Carry Strap"
145;5;1;1;"Fitness Tubes"
146;5;2;;"Fitness Tubes"
147;5;3;;"Fitness Tubes"
148;5;4;;"Fitness Tubes"
149;5;5;;"Fitness Tubes"
150;5;6;;"Fitness Tubes"
151;6;1;1;"Garmin Vivofit Fitness Band"
152;6;2;;"Garmin Vivofit Fitness Band"
153;6;3;;"Garmin Vivofit Fitness Band"
154;6;4;;"Garmin Vivofit Fitness Band"
155;6;5;;"Garmin Vivofit Fitness Band"
156;6;6;;"Garmin Vivofit Fitness Band"
157;7;1;1;"Advanced Hinged Open Patella Knee Brace"
158;7;2;;"Advanced Hinged Open Patella Knee Brace"
159;7;3;;"Advanced Hinged Open Patella Knee Brace"
160;7;4;;"Advanced Hinged Open Patella Knee Brace"
161;7;5;;"Advanced Hinged Open Patella Knee Brace"
162;7;6;;"Advanced Hinged Open Patella Knee Brace"
163;8;1;1;"One Pair of Adjustable Dumbbells Cast Iron"
164;8;2;;"One Pair of Adjustable Dumbbells Cast Iron"
165;8;3;;"One Pair of Adjustable Dumbbells Cast Iron"
166;8;4;;"One Pair of Adjustable Dumbbells Cast Iron"
167;8;5;;"One Pair of Adjustable Dumbbells Cast Iron"
168;8;6;;"One Pair of Adjustable Dumbbells Cast Iron"
169;9;1;1;"Interlocking Rubber Tiles"
170;9;2;;"Interlocking Rubber Tiles"
171;9;3;;"Interlocking Rubber Tiles"
172;9;4;;"Interlocking Rubber Tiles"
173;9;5;;"Interlocking Rubber Tiles"
174;9;6;;"Interlocking Rubber Tiles"
175;10;1;1;"Soozier Flat Exercise"
176;10;2;;"Soozier Flat Exercise"
177;10;3;;"Soozier Flat Exercise"
178;10;4;;"Soozier Flat Exercise"
179;10;5;;"Soozier Flat Exercise"
180;10;6;;"Soozier Flat Exercise"
181;11;1;1;" Set of 2 Yoga Blocks"
182;11;2;;" Set of 2 Yoga Blocks"
183;11;3;;" Set of 2 Yoga Blocks"
184;11;4;;" Set of 2 Yoga Blocks"
185;11;5;;" Set of 2 Yoga Blocks"
186;11;6;;" Set of 2 Yoga Blocks"
187;12;1;1;"Deluxe Vinyl Dumbbells"
188;12;2;;"Deluxe Vinyl Dumbbells"
189;12;3;;"Deluxe Vinyl Dumbbells"
190;12;4;;"Deluxe Vinyl Dumbbells"
191;12;5;;"Deluxe Vinyl Dumbbells"
192;12;6;;"Deluxe Vinyl Dumbbells"
193;13;1;1;"Vinyl Kettlebells"
194;13;2;;"Vinyl Kettlebells"
195;13;3;;"Vinyl Kettlebells"
196;13;4;;"Vinyl Kettlebells"
197;13;5;;"Vinyl Kettlebells"
198;13;6;;"Vinyl Kettlebells"
199;14;1;1;" Step Workout System"
200;14;2;;" Step Workout System"
201;14;3;;" Step Workout System"
202;14;4;;" Step Workout System"
203;14;5;;" Step Workout System"
204;14;6;;" Step Workout System"
205;15;1;1;"Fitness Exercise and Stability Ball"
206;15;2;;"Fitness Exercise and Stability Ball"
207;15;3;;"Fitness Exercise and Stability Ball"
208;15;4;;"Fitness Exercise and Stability Ball"
209;15;5;;"Fitness Exercise and Stability Ball"
210;15;6;;"Fitness Exercise and Stability Ball"
211;16;1;1;"Weider Balance Ball"
212;16;2;;"Weider Balance Ball"
213;16;3;;"Weider Balance Ball"
214;16;4;;"Weider Balance Ball"
215;16;5;;"Weider Balance Ball"
216;16;6;;"Weider Balance Ball"
217;17;1;1;"Pull Up Bands"
218;17;2;;"Pull Up Bands"
219;17;3;;"Pull Up Bands"
220;17;4;;"Pull Up Bands"
221;17;5;;"Pull Up Bands"
222;17;6;;"Pull Up Bands"
223;18;1;1;"Wrist Wraps"
224;18;2;;"Wrist Wraps"
225;18;3;;"Wrist Wraps"
226;18;4;;"Wrist Wraps"
227;18;5;;"Wrist Wraps"
228;18;6;;"Wrist Wraps"
229;19;1;1;"Balance Pad"
230;19;2;;"Balance Pad"
231;19;3;;"Balance Pad"
232;19;4;;"Balance Pad"
233;19;5;;"Balance Pad"
234;19;6;;"Balance Pad"
235;20;1;1;"Weighted Hula Hoop"
236;20;2;;"Weighted Hula Hoop"
237;20;3;;"Weighted Hula Hoop"
238;20;4;;"Weighted Hula Hoop"
239;20;5;;"Weighted Hula Hoop"
240;20;6;;"Weighted Hula Hoop"
